PLAYER,TEAM,POS,AGE,GP,MPG,MIN%,USG%,TOV,FTA,FT%,2PA,2P%,3PA,3P%,TS%,PPG,RPG,TRB%,APG,AST%,SPG,BPG,VI
Aaron Brooks,Ind,PG,32,46,14.3,29.9,19.6,0.173,29,0.793,125,0.464,101,0.337,0.505,5.2,1.1,4.4,2.2,22.5,0.48,0.17,6.5
Aaron Gordon,Orl,SF,21,56,27.6,57.6,19.6,0.091,137,0.65,369,0.499,192,0.292,0.503,11.2,4.6,9.1,1.9,11.2,0.75,0.43,6.7
Adreian Payne,Min,PF,25,12,7.7,16.1,25.2,0.133,15,0.8,29,0.517,10,0.2,0.526,4,1.7,12.6,0.3,6.9,0.42,0.33,6.6
Al Horford,Bos,C,30,45,32.9,68.5,20.6,0.113,88,0.807,374,0.511,194,0.351,0.541,14.6,6.6,11.3,4.9,23.7,0.71,1.53,9.5
Al Jefferson,Ind,C,32,57,14.6,30.4,26,0.058,79,0.772,420,0.507,1,0,0.534,8.5,4.3,16.4,0.9,11.3,0.28,0.26,8.8
Alan Anderson,Lac,SF,34,23,11.6,24.1,13.8,0.085,12,0.75,31,0.419,39,0.308,0.472,3.1,1,4.8,0.5,5.7,0.13,0,4
Alan Williams,Pho,PF,24,23,7.2,14.9,20.3,0.165,25,0.56,55,0.527,0,0,0.545,3.1,3.2,24.8,0.1,1.9,0.3,0.61,5.5
Alec Burks,Uta,SG,25,21,15.2,31.6,22.8,0.117,44,0.682,80,0.5,37,0.324,0.535,7,1.9,7.1,0.6,6.9,0.57,0.14,5.3
Alex Abrines,Okc,SG,23,46,14,29.1,16,0.095,41,0.878,57,0.439,144,0.375,0.566,5.4,1.1,4.4,0.5,5.2,0.46,0.11,4.1
Alex Len,Pho,C,23,54,19.7,40.9,17.4,0.164,134,0.731,303,0.505,4,0.25,0.556,7.5,6.4,18,0.6,4.3,0.35,1.28,6.2
Alexis Ajinca,Nor,C,28,23,15.2,31.7,16.3,0.163,24,0.708,94,0.479,3,0,0.497,4.7,4.5,15.6,0.3,3,0.52,0.74,4.9
Al-Farouq Aminu,Por,SF,26,37,29.1,60.5,15.5,0.148,67,0.746,157,0.42,137,0.307,0.476,8.3,7.4,14,2.1,10.1,1,0.65,6.9
Allen Crabbe,Por,SG,24,56,28.5,59.3,15,0.09,96,0.865,251,0.482,200,0.43,0.591,10.4,2.8,5.3,1.3,6.6,0.59,0.16,4.7
Alonzo Gee,Den,SF,29,13,6.9,14.3,10.4,0.182,9,0.556,11,0.273,3,0,0.306,0.8,1.1,8.7,0.5,8.3,0.38,0.08,4.4
Amir Johnson,Bos,PF,29,56,19.7,41.1,13.7,0.144,69,0.667,216,0.606,44,0.409,0.623,6.5,4.6,13,1.7,12.8,0.54,0.66,7.5
Anderson Varejao,Gol,C,34,14,6.6,13.7,12.6,0.298,11,0.727,14,0.357,0,0,0.478,1.3,1.9,16.2,0.7,12.8,0.21,0.21,7.3
Andre Drummond,Det,C,23,56,30.5,63.4,23.5,0.13,246,0.439,667,0.529,6,0.333,0.525,14.6,13.8,25.1,1.1,5.6,1.71,1.21,7.9
Andre Iguodala,Gol,SF,33,54,25.6,53.3,10.3,0.112,55,0.691,146,0.61,122,0.361,0.595,6.4,3.9,8.4,3.4,16.3,0.93,0.39,6.9
Andre Roberson,Okc,SF,25,57,30.6,63.8,10.4,0.089,86,0.43,203,0.576,146,0.24,0.486,6.6,5.1,9.3,1,4.4,1.16,1,4.2
Andrew Bogut,Dal,C,32,26,22.4,46.7,10.5,0.334,11,0.273,80,0.475,1,0,0.46,3,8.3,21.8,1.9,12.2,0.5,0.96,6.5
Andrew Harrison,Mem,SG,22,53,21.9,45.7,16.2,0.159,154,0.766,159,0.358,123,0.26,0.469,6.2,1.9,5,3,20.3,0.85,0.36,6
Andrew Nicholson,Was,PF,27,28,8.3,17.2,17.7,0.118,12,0.583,61,0.443,16,0.188,0.425,2.5,1.2,8.3,0.3,4.2,0.39,0.21,4.7
Andrew Wiggins,Min,SF,21,57,37.2,77.5,28.2,0.097,361,0.753,853,0.489,203,0.355,0.544,23.2,4.1,6.5,2.5,11.6,0.91,0.39,6.7
Anthony Bennett,Bro,PF,23,23,11.5,23.9,19.4,0.1,36,0.722,44,0.568,48,0.271,0.533,5,3.4,15.6,0.5,7.1,0.22,0.13,7.1
Anthony Brown,Nor,SF,24,9,15.8,33,14.3,0.109,0,0,17,0.471,24,0.25,0.415,3.8,2.9,9.6,0.7,6,0.56,0.11,5
Anthony Brown,Orl,SF,24,2,8.3,17.2,26.9,0.1,0,0,6,0.5,3,0.333,0.5,4.5,3.5,23.3,1,22.3,0,0,12.1
Anthony Davis,Nor,C,23,53,36.4,75.7,32.4,0.099,458,0.801,983,0.521,85,0.306,0.579,27.7,11.9,17.2,2.2,11.7,1.26,2.47,9.9
Anthony Morrow,Okc,SG,31,40,15.7,32.6,16.3,0.029,26,0.885,103,0.495,119,0.294,0.493,5.8,0.7,2.6,0.5,4.5,0.55,0.05,3.2
Anthony Tolliver,Sac,PF,31,45,23.2,48.3,13.2,0.125,53,0.792,81,0.568,162,0.389,0.606,7.2,3.8,9.5,1,6.2,0.62,0.22,5.2
Archie Goodwin,Nor,SG,22,3,9.9,20.6,14,0,10,1,3,0.333,2,0.5,0.798,5,0,0,0.3,4.6,0,0.33,0
Aron Baynes,Det,C,30,54,15.5,32.2,13.8,0.143,70,0.871,191,0.482,0,0,0.552,4.5,4,14.4,0.3,3,0.26,0.43,4.5
Arron Afflalo,Sac,SG,31,49,25.6,53.3,13.8,0.086,69,0.884,196,0.454,123,0.39,0.548,7.8,1.9,4.3,1.2,7.4,0.37,0.12,4.1
Austin Rivers,Lac,SG,24,54,28.3,59,20,0.122,136,0.691,329,0.468,213,0.399,0.546,12.2,2.1,4.2,3,16.1,0.74,0.17,6
Avery Bradley,Bos,SG,26,36,34.9,72.8,22.4,0.101,63,0.762,353,0.51,186,0.409,0.561,17.7,6.9,11.1,2.4,11.3,1.31,0.22,7.6
Ben McLemore,Sac,SG,23,42,18,37.4,18.2,0.119,40,0.775,142,0.444,108,0.37,0.518,6.6,1.5,4.9,0.8,7.3,0.52,0.12,4.4
Beno Udrih,Det,PG,34,30,14,29.2,19.7,0.129,26,0.923,122,0.475,28,0.357,0.527,5.7,1.3,5,3,32.7,0.23,0,8
Bismack Biyombo,Orl,C,24,57,23.3,48.5,13.1,0.179,174,0.494,245,0.535,0,0,0.541,6.1,7.3,17.1,1,6.2,0.32,1.26,6.1
Blake Griffin,Lac,PF,27,36,33.3,69.3,29.5,0.108,248,0.758,564,0.502,36,0.306,0.555,21.9,8.8,14.6,5,26.3,1.06,0.56,11.9
Boban Marjanovic,Det,C,28,23,6.9,14.4,24.4,0.081,27,0.778,68,0.471,0,0,0.532,3.7,3.3,26.2,0.2,5.1,0.09,0.35,7.8
Bobby Portis,Chi,PF,21,39,12.1,25.2,17.6,0.115,32,0.656,119,0.513,36,0.361,0.538,4.7,3.4,15,0.5,6.7,0.18,0.15,6.6
Bojan Bogdanovic,Bro,SF,27,55,27,56.1,22.4,0.12,167,0.874,334,0.509,277,0.357,0.572,14.2,3.6,7,1.6,10.1,0.44,0.05,6.4
Boris Diaw,Uta,PF,34,48,18.2,37.8,15.6,0.221,24,0.792,158,0.519,57,0.263,0.505,4.8,2,6.4,2.2,18.5,0.27,0.04,6.1
Bradley Beal,Was,SG,23,51,34.4,71.8,26.4,0.099,227,0.811,480,0.527,368,0.402,0.598,22.2,2.9,4.8,3.7,17.1,1.02,0.24,7.2
Brandan Wright,Mem,PF,29,8,13.8,28.8,20.8,0.059,9,0.556,43,0.581,1,0,0.573,6.9,2.5,10.3,0.1,1.7,0.38,0.75,3.5
Brandon Bass,Lac,PF,31,37,11.8,24.6,18.6,0.137,53,0.906,132,0.598,2,0.5,0.664,5.6,2.3,10.8,0.5,6.9,0.22,0.22,6.3
Brandon Ingram,Lal,SF,19,58,27.7,57.6,15.6,0.126,148,0.655,311,0.389,135,0.304,0.452,8,4.1,7.9,1.9,10,0.45,0.45,5.7
Brandon Jennings,Nyk,PG,27,56,25,52.2,17.7,0.18,130,0.754,221,0.425,196,0.342,0.513,8.7,2.6,5.6,5,28.2,0.96,0.05,7.7
Brandon Knight,Pho,SG,25,54,21.1,44,25.2,0.129,154,0.857,386,0.425,139,0.324,0.502,11,2.2,5.8,2.4,18.2,0.5,0.09,7.3
Brandon Rush,Min,SG,31,23,18,37.5,10.5,0.122,10,0.7,32,0.313,50,0.4,0.503,3.8,1.7,5.6,0.7,5.2,0.52,0.48,3.7
Brian Roberts,Cha,PG,31,20,7.3,15.2,17.3,0.176,22,0.864,24,0.292,13,0.462,0.546,2.6,0.8,5.9,1.2,23.9,0.1,0,7.4
Briante Weber,Gol,PG,24,5,8.1,17,14.1,0.15,3,0.667,8,0.375,2,0,0.353,1.6,0.6,4.1,1,14.8,0.4,0.2,4.9
Brook Lopez,Bro,C,28,51,29.6,61.6,29.3,0.117,260,0.835,538,0.532,262,0.344,0.579,20.8,5.2,9.2,2.5,16,0.55,1.78,8.7
Buddy Hield,Nor,SG,23,57,20.4,42.4,20.4,0.09,33,0.879,231,0.416,241,0.369,0.502,8.6,2.9,7.5,1.4,10.4,0.32,0.12,6.4
Cameron Payne,Okc,PG,22,20,16,33.4,19.7,0.114,4,1,78,0.346,52,0.308,0.402,5.3,1.6,5.3,2,18.5,0.5,0.2,6.4
Caris LeVert,Bro,SF,22,32,20.1,41.8,16.2,0.144,49,0.735,88,0.545,99,0.303,0.532,6.9,2.8,7.4,1.9,14.1,0.94,0.16,6.6
Carmelo Anthony,Nyk,SF,32,56,34,70.9,29.6,0.087,290,0.824,751,0.47,320,0.378,0.546,23.4,6.1,9.5,2.9,14.9,0.86,0.46,8.8
Chandler Parsons,Mem,SF,28,27,19.4,40.4,18.3,0.076,35,0.857,106,0.406,74,0.27,0.45,6.5,2.4,7.1,1.6,13.5,0.63,0.15,6
Channing Frye,Cle,C,33,48,18.5,38.6,20,0.081,51,0.843,122,0.492,228,0.408,0.593,9.2,3.8,11.1,0.7,5.5,0.38,0.5,6.3
Chasson Randle,Phi,PG,23,8,9.2,19.2,20.2,0.088,12,1,11,0.545,15,0.4,0.671,5.3,0.6,3.7,0.8,13.4,0.38,0.13,5.9
Cheick Diallo,Nor,PF,20,9,10.4,21.8,21.4,0.044,10,0.7,39,0.436,0,0,0.472,4.6,3.6,17.9,0.3,5.2,0.33,0.33,6.6
Chris Andersen,Cle,C,38,12,9.5,19.8,12.8,0.151,14,0.714,19,0.474,3,0,0.497,2.3,2.6,15,0.4,5.9,0.42,0.58,5.6
Chris McCullough,Bro,PF,21,14,5.2,10.7,20.3,0.058,3,0.667,25,0.6,6,0.167,0.541,2.5,1.2,12.4,0.1,4.9,0.07,0.14,5.1
Chris Paul,Lac,PG,31,36,30.9,64.4,24,0.143,161,0.876,267,0.521,177,0.395,0.611,17.5,5.3,9.5,9.7,50,2.25,0.14,12.5
Christian Wood,Cha,PF,21,3,5.5,11.4,10.5,0,2,1,1,1,2,0,0.515,1.3,2,19.7,0.3,8.5,0,0.67,6.7
CJ McCollum,Por,SG,25,56,34.5,72,28.2,0.104,211,0.896,681,0.52,336,0.411,0.591,23.4,3.7,5.9,3.6,18.6,1.04,0.61,7.9
CJ Miles,Ind,SF,29,51,23.1,48.1,18.6,0.057,64,0.875,167,0.461,266,0.417,0.589,10.6,2.9,7.1,0.6,3.8,0.63,0.41,4.6
CJ Watson,Orl,PG,32,46,16.8,35.1,13.8,0.149,57,0.86,106,0.425,74,0.338,0.522,4.7,1.5,4.8,1.8,15.6,0.72,0.02,5.6
Clint Capela,Hou,C,22,43,23.3,48.5,19.6,0.116,114,0.5,355,0.645,0,0,0.636,12,7.5,17.8,0.9,6.3,0.49,1.35,7.4
Cody Zeller,Cha,PF,24,39,26.8,55.8,16.6,0.126,133,0.692,281,0.587,0,0,0.621,10.8,6.5,13,1.4,8.7,0.77,1.05,6.9
Cole Aldrich,Min,C,28,51,9.3,19.3,9,0.135,21,0.667,74,0.527,0,0,0.553,1.8,2.8,17.7,0.5,7.3,0.45,0.41,5.9
Corey Brewer,Hou,SF,30,58,15.9,33.2,13.1,0.127,44,0.727,133,0.541,94,0.234,0.491,4.2,2,6.9,1.1,9,0.66,0.19,5.3
Cory Joseph,Tor,SG,25,55,22.6,47.1,18.4,0.109,91,0.791,347,0.452,71,0.394,0.513,8.5,2.6,6.6,2.7,18.2,0.73,0.09,6.9
Courtney Lee,Nyk,SG,31,52,31.3,65.3,13.5,0.076,50,0.84,268,0.485,184,0.418,0.562,10.3,3.2,5.5,2.1,9.4,0.87,0.31,5.2
Cristiano Felicio,Chi,C,24,48,15.7,32.7,12.5,0.102,77,0.662,160,0.556,0,0,0.591,4.8,4.9,16.8,0.6,5.7,0.38,0.27,6.2
D.J. Augustin,Orl,PG,29,57,20.7,43,19.3,0.128,122,0.779,178,0.427,216,0.361,0.537,8.4,1.5,4,3,22.2,0.42,0.02,6.5
Damian Jones,Gol,C,21,8,5.7,11.8,13.8,0.342,6,0.5,7,0.571,0,0,0.571,1.4,1.4,13.3,0,0,0.13,0.25,0
Damian Lillard,Por,PG,26,51,35.9,74.8,30.7,0.103,364,0.901,614,0.485,373,0.346,0.571,25.7,4.9,7.5,5.8,28.1,0.73,0.29,10
Damjan Rudez,Orl,SF,30,35,7.6,15.9,13,0.103,0,0,16,0.438,54,0.352,0.507,2,0.7,4.7,0.5,8.7,0.31,0.03,4.7
D'Angelo Russell,Lal,PG,20,42,26.5,55.1,26.8,0.159,123,0.772,298,0.426,235,0.349,0.507,14.2,3.8,7.7,4.7,28.9,1.19,0.31,9.6
Danilo Gallinari,Den,SF,28,44,34.2,71.2,19.4,0.09,266,0.887,301,0.468,210,0.381,0.603,17.2,4.9,8,2.2,9.4,0.64,0.25,6.7
Danny Green,San,SG,29,48,26.7,55.6,13.2,0.139,18,0.833,88,0.455,227,0.405,0.574,7.7,3.3,7,1.8,9.3,1,0.79,5.4
Dante Cunningham,Nor,SF,29,42,25.1,52.4,11,0.072,14,0.571,116,0.483,121,0.388,0.537,6.2,4.2,8.7,0.7,4.1,0.5,0.5,4.2
Dante Exum,Uta,PG,21,42,18.6,38.7,17.7,0.153,37,0.838,137,0.547,96,0.271,0.519,6.2,1.8,5.6,1.6,14.1,0.31,0.19,5.6
Dario Saric,Phi,PF,22,56,24.4,50.9,22.8,0.15,116,0.784,339,0.442,220,0.327,0.498,10.8,5.9,13.3,1.8,11.8,0.63,0.29,8
Darrell Arthur,Den,PF,28,29,16.3,34,18,0.149,10,0.9,77,0.455,90,0.489,0.616,7.3,2.8,9.7,1.1,10,0.28,0.55,6.9
Darren Collison,Sac,PG,29,49,30.9,64.4,19.7,0.124,118,0.856,383,0.504,145,0.421,0.578,13.7,2.1,4,4.2,22.4,1.06,0.1,6.4
Darrun Hilliard,Det,SG,23,27,10.7,22.4,19.5,0.158,24,0.708,60,0.367,36,0.25,0.413,3.3,1,5.2,0.9,11.1,0.26,0.04,5.4
David Lee,San,PF,33,55,18.6,38.8,17.1,0.145,84,0.702,293,0.597,0,0,0.62,7.4,5.6,17.1,1.6,13.5,0.42,0.42,8.7
David West,Gol,PF,36,42,11.5,24,17,0.219,35,0.743,130,0.546,4,0.5,0.582,4.1,2.7,13,2.1,23.9,0.67,0.45,9.9
Davis Bertans,San,PF,24,48,11.6,24.1,15.3,0.106,30,0.8,42,0.571,113,0.389,0.606,4.3,1.4,6.7,0.7,8.8,0.29,0.42,5.6
DeAndre' Bembry,Atl,SF,22,26,10.4,21.6,14.7,0.111,14,0.429,63,0.556,11,0,0.474,2.9,1.6,8.4,0.8,11.2,0.19,0.12,6
DeAndre Jordan,Lac,C,28,56,31.3,65.1,15.1,0.146,283,0.502,382,0.696,1,0,0.664,12,13.8,24.4,1.2,5.6,0.55,1.71,7.5
DeAndre Liggins,Cle,SG,28,45,14.3,29.9,10.9,0.193,31,0.677,72,0.403,44,0.386,0.501,2.9,1.6,6.3,1,9.3,0.87,0.31,4.7
Dejounte Murray,San,PG,20,31,7.8,16.3,25.9,0.223,25,0.72,78,0.449,19,0.421,0.519,3.6,1,7.2,1,19.8,0.16,0.13,7.9
DeMar DeRozan,Tor,SG,27,50,35.5,74,34.2,0.086,431,0.845,984,0.48,75,0.253,0.547,27.3,5.3,8.4,3.7,19.3,1.12,0.18,9.1
DeMarcus Cousins,Sac,C,26,55,34.4,71.6,37.4,0.132,549,0.77,851,0.482,267,0.356,0.562,27.8,10.6,18,4.8,27.9,1.36,1.33,13.1
DeMarre Carroll,Tor,SF,30,52,27.3,56.8,15.8,0.077,87,0.77,183,0.492,244,0.352,0.543,9.7,4,8.3,1,5.3,1.19,0.37,5
Dennis Schroder,Atl,PG,23,56,30.9,64.3,27.3,0.159,190,0.832,621,0.494,200,0.345,0.541,17.5,2.9,5.2,6.3,35.3,0.79,0.14,8.9
Denzel Valentine,Chi,SG,23,32,12.5,26.1,15.7,0.145,10,0.7,36,0.361,83,0.301,0.438,3.4,1.7,7.2,0.7,7.9,0.53,0.09,5.1
Deron Williams,Dal,PG,32,40,29.3,61,23.8,0.165,84,0.821,272,0.485,181,0.348,0.533,13.1,2.6,5.1,6.9,39.9,0.63,0.05,8.4
Derrick Favors,Uta,PF,25,40,23.5,48.9,20.7,0.114,96,0.635,316,0.475,8,0.25,0.501,9.2,6.1,14.9,1.1,7.5,0.93,0.83,6.7
Derrick Rose,Nyk,PG,28,48,32.2,67,26.1,0.127,170,0.865,692,0.48,54,0.241,0.518,17.7,3.9,6.5,4.5,23.1,0.71,0.35,8.4
Derrick Williams,Mia,PF,25,25,15.1,31.4,20.4,0.081,50,0.62,92,0.489,45,0.2,0.465,5.9,2.9,10.6,0.6,5.6,0.36,0.2,5.8
Derrick Williams,Cle,PF,25,4,22.9,47.7,14.1,0.068,17,0.706,12,0.75,8,0.375,0.71,9.8,3,7.2,0.8,4.7,0.25,0,5
Devin Booker,Pho,SG,20,56,34.5,71.9,27.9,0.127,284,0.827,707,0.448,286,0.367,0.53,21.1,2.8,4.5,3.2,15.6,0.88,0.3,6.7
Devin Harris,Dal,PG,33,39,16.7,34.9,18.4,0.106,74,0.865,92,0.402,102,0.324,0.523,6.1,2,7.1,1.7,15.9,0.59,0.08,6.6
Dewayne Dedmon,San,C,27,50,17.3,36,12.6,0.141,65,0.708,178,0.624,0,0,0.649,5.4,6.5,21.5,0.6,4.7,0.56,0.82,6.4
Deyonta Davis,Mem,C,20,25,7.3,15.3,13.2,0.149,15,0.533,39,0.513,0,0,0.526,1.9,2,15.8,0.1,1.7,0.04,0.56,4
Dion Waiters,Mia,SG,25,34,30.9,64.3,26,0.121,96,0.667,347,0.438,150,0.387,0.503,15.9,3.5,6.3,4.3,23.1,0.91,0.47,8
Dirk Nowitzki,Dal,PF,38,30,26,54.1,26.1,0.063,69,0.87,253,0.431,119,0.387,0.517,13.9,6,13.5,1.6,11.1,0.7,0.7,7.9
Domantas Sabonis,Okc,PF,20,57,21.7,45.1,14.9,0.151,33,0.697,228,0.452,124,0.315,0.472,6.1,3.8,9.6,1.1,7,0.53,0.42,5.4
Donatas Motiejunas,Nor,PF,26,20,15.9,33.1,15.9,0.202,29,0.517,50,0.56,28,0.286,0.523,4.8,3.5,11.4,1.3,12,0.6,0.35,7
Dorian Finney-Smith,Dal,PF,23,55,20.8,43.3,11.1,0.127,47,0.766,85,0.518,128,0.313,0.522,4.4,2.6,7.4,0.9,6.1,0.64,0.31,4.2
Doug McDermott,Chi,SF,25,44,24.5,51,17.6,0.074,67,0.881,223,0.493,150,0.373,0.555,10.2,3,6.5,1,6.6,0.25,0.09,5.1
Dragan Bender,Pho,PF,19,38,12.7,26.4,13.5,0.175,8,0.375,43,0.465,81,0.321,0.474,3.2,2.2,9.4,0.4,4.9,0.24,0.5,4.4
Draymond Green,Gol,PF,26,53,32.9,68.5,15.5,0.194,144,0.674,261,0.513,182,0.319,0.532,10.2,8.2,13.7,7.3,27.9,2.09,1.51,10.3
Dwight Howard,Atl,C,31,51,29.5,61.4,18.8,0.164,273,0.553,417,0.647,2,0,0.641,13.5,13,24.2,1.2,6.8,0.88,1.25,8.1
Dwight Powell,Dal,C,25,56,18.3,38.1,15.7,0.059,103,0.767,249,0.57,25,0.24,0.597,6.8,4.3,13.7,0.8,6.9,0.98,0.59,6.3
Dwyane Wade,Chi,SG,35,48,30.4,63.3,30,0.105,237,0.797,674,0.454,121,0.322,0.51,19.1,4.5,8,3.8,22.8,1.56,0.73,9.1
Ed Davis,Por,PF,27,45,17.2,35.9,11.8,0.173,75,0.627,139,0.532,0,0,0.567,4.3,5.3,16.9,0.6,4.7,0.33,0.49,5.6
Elfrid Payton,Orl,PG,22,58,29.1,60.7,21.9,0.143,137,0.664,527,0.503,127,0.268,0.506,12.5,3.8,7.1,5.7,31.8,1.1,0.45,8.9
Emmanuel Mudiay,Den,PG,20,44,28.1,58.6,22.4,0.166,142,0.775,326,0.399,159,0.308,0.472,11.8,3.5,7,4.2,21.5,0.84,0.25,7.9
Enes Kanter,Okc,C,24,47,21.6,45,26.2,0.121,180,0.789,440,0.591,31,0.161,0.615,14.4,6.7,17.1,1,8.6,0.43,0.68,8.5
Eric Bledsoe,Pho,PG,27,56,33.2,69.2,28.2,0.148,393,0.85,624,0.489,265,0.332,0.569,21.6,4.9,8.2,6.2,31.4,1.38,0.41,10.5
Eric Gordon,Hou,SG,28,52,30.5,63.5,23.6,0.104,117,0.838,258,0.477,478,0.385,0.569,17.2,2.7,4.9,2.8,14.2,0.58,0.54,6.6
Ersan Ilyasova,Okc,PF,29,3,20.7,43.1,13.7,0.2,0,0,4,0.75,12,0.25,0.469,5,5.3,14.3,0.3,2.3,1,0.33,3.9
Ersan Ilyasova,Phi,PF,29,53,27.3,56.9,23.7,0.099,142,0.768,350,0.509,298,0.359,0.553,14.8,5.9,11.9,1.8,11.6,0.62,0.26,7.9
E'Twaun Moore,Nor,SG,27,51,24.7,51.5,18,0.096,45,0.756,293,0.495,150,0.387,0.538,9.8,2.2,4.6,2.2,14,0.71,0.47,5.9
Evan Fournier,Orl,SG,24,45,33.1,68.9,23.7,0.128,178,0.82,398,0.485,216,0.343,0.545,16.8,3.3,5.4,3.4,17.1,0.96,0.07,6.9
Evan Turner,Por,SG,28,50,26.2,54.6,18.9,0.142,82,0.854,347,0.478,99,0.283,0.504,9.7,3.8,8,3.4,19.5,0.84,0.34,7.6
Frank Kaminsky,Cha,C,23,54,25,52.1,21.4,0.083,103,0.748,317,0.457,234,0.308,0.489,10.8,4.6,9.8,2.1,13.4,0.76,0.44,7.5
Fred VanVleet,Tor,PG,22,21,6.9,14.4,21.4,0.057,11,0.818,43,0.349,18,0.389,0.456,2.9,0.9,7.4,0.9,18.6,0.48,0.05,7.7
Garrett Temple,Sac,SG,30,49,26.6,55.3,13.3,0.13,62,0.79,149,0.51,158,0.367,0.561,7.7,2.7,5.9,2.2,12.7,1.18,0.45,5.4
Gary Harris,Den,SG,22,32,28.7,59.7,19,0.104,77,0.74,211,0.507,126,0.421,0.58,13.4,3.1,6.1,2.5,13.3,1.16,0.19,6.6
Gary Neal,Atl,SG,32,2,9.2,19.1,21,0,4,1,5,0,2,0,0.228,2,0.5,3,0.5,6.9,0,0,3.5
George Hill,Uta,PG,30,32,31.6,65.8,24.1,0.091,134,0.791,253,0.526,160,0.394,0.594,17.5,3.5,6.3,4,22.5,0.97,0.25,7.9
Gerald Green,Bos,SG,31,36,11.4,23.7,22.7,0.077,26,0.808,99,0.434,82,0.366,0.512,5.5,1.8,8.9,0.8,11.2,0.19,0.14,7
Gerald Henderson,Phi,SG,29,51,24,50.1,17.6,0.095,114,0.851,286,0.483,111,0.369,0.555,9.7,2.5,5.7,1.7,11.2,0.61,0.22,5.8
Giannis Antetokounmp,Mil,SG,22,54,35.4,73.8,28.3,0.134,395,0.792,731,0.57,138,0.275,0.605,23.4,8.6,14,5.5,26.5,1.76,1.96,11.7
Goran Dragic,Mia,PG,30,49,34.3,71.4,26.7,0.153,246,0.785,556,0.505,188,0.426,0.584,20.3,3.9,6.2,6.2,31.1,1,0.16,9.2
Gordon Hayward,Uta,SF,26,50,34.6,72.2,27.6,0.092,332,0.87,521,0.505,257,0.385,0.602,22.2,5.6,9.4,3.5,18.3,0.98,0.28,8.8
Gorgui Dieng,Min,PF,27,57,32,66.7,14.5,0.124,105,0.781,448,0.522,29,0.379,0.557,10.2,7.9,14.3,1.9,8.6,1.02,1.07,6.7
Greg Monroe,Mil,C,26,54,21.8,45.4,23.8,0.136,168,0.726,463,0.542,2,0,0.579,11.6,6.8,17.8,2.1,16.2,1.28,0.48,10.1
Greivis Vasquez,Bro,PG,30,3,12.9,26.8,11.4,0.097,3,0.667,5,0.2,3,0.333,0.376,2.3,0.7,2.7,1.7,17.7,0.33,0.33,4.3
Harrison Barnes,Dal,PF,24,56,35.8,74.7,26.2,0.064,189,0.841,790,0.504,167,0.335,0.54,20.1,5.2,8.5,1.5,8,0.84,0.23,6
Hassan Whiteside,Mia,C,27,52,32.9,68.6,22.7,0.124,236,0.568,660,0.561,0,0,0.572,16.8,14.1,23.5,0.7,3.4,0.77,2.1,6.7
Hollis Thompson,Phi,SG,25,31,18.1,37.7,13.7,0.051,20,0.65,88,0.455,71,0.366,0.51,5.5,2.7,8.2,0.8,7.1,0.45,0.19,5
Ian Clark,Gol,SG,25,51,14.2,29.7,18.9,0.104,40,0.75,157,0.535,111,0.396,0.578,6.5,1.4,5.5,1.3,12.1,0.55,0.12,6.4
Ian Mahinmi,Was,C,30,5,13.5,28.1,11.3,0.231,12,0.5,8,0.375,0,0,0.452,2.4,2.6,10.9,0,0,0.6,0.6,0
Iman Shumpert,Cle,SG,26,51,25.4,53,13.5,0.125,66,0.773,134,0.455,186,0.403,0.57,7.8,2.9,6.3,1.5,8.5,0.96,0.29,5.1
Isaiah Canaan,Chi,SG,25,33,17.3,36.1,15,0.097,31,0.903,76,0.487,88,0.273,0.49,5.3,1.4,4.5,1.1,9,0.64,0.03,4.7
Isaiah Thomas,Bos,PG,27,53,34.5,71.9,34.2,0.1,468,0.912,608,0.526,445,0.387,0.629,29.9,2.7,4.4,6.3,33.9,0.81,0.11,9.3
Isaiah Whitehead,Bro,PG,21,48,21.8,45.5,18.6,0.21,63,0.825,244,0.414,89,0.315,0.469,7,2.4,5.9,2.9,20.2,0.56,0.48,6.7
Ish Smith,Det,PG,28,56,23.5,49,19.2,0.141,67,0.687,391,0.478,67,0.254,0.483,8.4,2.7,6.4,4.8,30.8,0.7,0.39,8.1
Ivica Zubac,Lal,C,19,23,13.2,27.6,20.1,0.125,24,0.75,115,0.504,0,0,0.534,5.8,3.9,16,0.5,6.4,0.22,0.74,6.8
J.J. Barea,Dal,PG,32,18,24.7,51.4,25.4,0.131,33,0.939,118,0.466,74,0.351,0.53,12.2,2.9,6.8,4.9,35.2,0.5,0.06,9
Jabari Parker,Mil,PF,21,51,33.9,70.6,26.1,0.093,218,0.743,636,0.525,178,0.365,0.563,20.1,6.2,10.4,2.8,13.9,1,0.43,8.3
Jae Crowder,Bos,SF,26,47,32.5,67.7,16.7,0.084,119,0.866,207,0.551,262,0.405,0.622,13.8,5.2,9,2.1,9.9,1.09,0.34,6.5
Jahlil Okafor,Phi,C,21,38,23,47.9,22.9,0.12,121,0.612,352,0.511,0,0,0.535,11.4,4.8,11.5,1.1,8.2,0.37,1.08,6.8
Jake Layman,Por,SF,22,24,6.2,12.9,19.7,0.075,13,0.692,18,0.5,38,0.237,0.437,2.3,0.6,5.2,0.3,6.8,0.25,0.08,4.8
Jakob Poeltl,Tor,C,21,32,10.8,22.4,10.9,0.166,28,0.571,58,0.5,0,0,0.526,2.3,2.8,14.5,0.3,3.6,0.31,0.28,4.6
Jamal Crawford,Lac,SG,36,56,26.9,56,23.2,0.13,133,0.842,396,0.439,227,0.344,0.509,12.4,1.7,3.5,2.9,16.6,0.73,0.23,5.9
Jamal Murray,Den,SG,19,56,19.9,41.5,21.1,0.131,81,0.877,232,0.453,218,0.33,0.512,8.9,2.5,7.1,1.8,12.9,0.46,0.34,6.9
Jameer Nelson,Den,PG,34,56,26.3,54.8,16.5,0.174,45,0.733,258,0.484,198,0.384,0.537,9.1,2.4,5.1,5,26.8,0.64,0.09,7.3
James Ennis III,Mem,SF,26,44,25.4,52.9,13.2,0.147,84,0.786,138,0.522,104,0.413,0.608,7.7,4.2,9.4,1,6.1,0.77,0.34,5
James Harden,Hou,PG,27,58,36.6,76.3,34.5,0.197,637,0.852,570,0.521,527,0.353,0.615,29.2,8.3,12.5,11.3,50.7,1.45,0.47,15.3
James Johnson,Mia,PF,29,52,26.6,55.3,21.5,0.175,138,0.71,321,0.558,170,0.353,0.576,12.2,5,10.3,3.3,19.8,0.88,1.1,8.8
James Jones,Cle,SF,36,35,6.8,14.2,13.2,0.097,14,0.643,15,0.4,44,0.568,0.737,2.7,0.6,4.8,0.2,4.2,0.06,0.2,4
James Michael McAdoo,Gol,PF,24,29,9.1,19.1,13.5,0.145,16,0.5,61,0.607,3,0,0.577,2.8,1.5,9.1,0.4,5.9,0.24,0.52,5.2
James Young,Bos,SG,21,20,7.7,16,14,0.042,7,0.714,22,0.545,21,0.429,0.608,2.8,1.1,8,0.2,3.9,0.25,0.05,4.4
JaMychal Green,Mem,PF,26,56,28.5,59.5,14.2,0.143,129,0.798,269,0.532,106,0.368,0.586,9,7.3,14.5,1.2,6.8,0.71,0.52,6
Jared Dudley,Pho,PF,31,40,20.7,43.1,13.7,0.16,41,0.634,90,0.556,118,0.432,0.617,7,3.3,8.9,1.6,11.2,0.6,0.23,6.4
Jared Sullinger,Tor,PF,24,11,10.7,22.3,20.6,0.073,8,0.5,29,0.414,18,0.167,0.366,3.4,2.5,12.9,0.3,3.7,0.36,0.09,5.1
Jarell Martin,Mem,PF,22,40,13.4,28,16.2,0.141,48,0.792,118,0.381,26,0.346,0.469,3.9,3.9,16.4,0.2,2,0.38,0.2,4.3
Jason Smith,Was,C,30,53,13.4,27.9,16.8,0.155,36,0.667,192,0.547,21,0.476,0.577,5,3.3,13.8,0.3,3.7,0.28,0.68,5.1
Jason Terry,Mil,SG,39,47,17.1,35.6,9.4,0.125,16,0.813,38,0.395,102,0.412,0.575,3.6,1.1,3.9,1.4,10.8,0.55,0.3,4.1
JaVale McGee,Gol,C,29,51,9.6,19.9,23.8,0.115,68,0.471,205,0.688,3,0,0.66,6.2,3,17.4,0.2,4,0.24,0.69,6.5
Jaylen Brown,Bos,SF,20,53,15.5,32.3,18,0.112,86,0.721,186,0.473,69,0.304,0.514,5.7,2.6,9.3,0.6,6.1,0.42,0.25,5.3
Jeff Green,Orl,SF,30,56,23.2,48.4,20.2,0.11,140,0.864,303,0.446,164,0.28,0.5,9.4,3.1,7.3,1.2,7.7,0.52,0.2,5.6
Jeff Teague,Ind,PG,28,57,32.6,67.8,22.2,0.173,297,0.852,473,0.482,159,0.352,0.575,15.4,4.2,7.2,8.1,37.8,1.42,0.46,9.9
Jeff Withey,Uta,C,26,32,7.9,16.4,14.1,0.119,28,0.786,53,0.528,1,0,0.588,2.4,2.2,16.3,0.1,1.2,0.28,0.69,4.1
Jerami Grant,Phi,SF,22,2,20.6,42.9,24.9,0.128,8,0.5,15,0.4,2,0,0.39,8,3,8,0,0,0,2,0
Jerami Grant,Okc,SF,22,54,21.3,44.3,11.8,0.088,111,0.622,159,0.509,82,0.39,0.564,6.1,2.8,7.2,0.6,4.2,0.46,1.13,4.1
Jeremy Lamb,Cha,SG,24,36,17.1,35.7,24.4,0.065,83,0.807,194,0.521,85,0.259,0.531,9.3,4.4,13.7,1.1,11.2,0.33,0.33,8.3
Jeremy Lin,Bro,PG,28,12,25,52.1,25.6,0.178,41,0.707,82,0.549,48,0.333,0.564,13.9,3.3,6.9,5.8,40.1,1.42,0.58,10.3
Jerian Grant,Chi,PG,24,46,16.4,34.3,16.3,0.131,59,0.915,128,0.445,92,0.348,0.537,5.7,1.5,5.1,1.6,14.4,0.72,0.13,5.8
Jerryd Bayless,Phi,PG,28,3,23.8,49.7,27.6,0.198,10,0.9,27,0.333,5,0.4,0.453,11,4,9.2,4.3,29.7,0,0,9.6
Jimmy Butler,Chi,SF,27,51,36.6,76.3,27.2,0.093,491,0.868,668,0.482,175,0.337,0.589,24.5,6.3,9.3,5,23.1,1.82,0.29,10
JJ Redick,Lac,SG,32,53,28.3,58.9,22.4,0.092,128,0.883,297,0.458,330,0.421,0.587,15.1,2.2,4.3,1.3,7.4,0.7,0.15,5
Joakim Noah,Nyk,C,31,46,22.1,46,12.5,0.197,78,0.436,201,0.493,1,0,0.491,5,8.7,21.2,2.2,13.9,0.65,0.8,8.3
Jodie Meeks,Orl,SG,29,24,21.7,45.2,17.9,0.114,42,0.905,79,0.43,89,0.404,0.574,8.9,2.3,5.7,1.5,10.9,1.17,0.08,5.8
Joe Harris,Bro,SG,25,48,22,45.9,16.5,0.122,47,0.723,134,0.5,204,0.387,0.565,8.4,2.9,6.8,1.1,7.8,0.58,0.1,5.4
Joe Ingles,Uta,SF,29,57,22,45.8,13.7,0.175,47,0.809,107,0.523,173,0.439,0.629,6.6,2.8,7.4,2.4,16.4,1.18,0.09,6.4
Joe Johnson,Uta,SF,35,56,22.5,46.9,18.1,0.101,51,0.804,245,0.461,170,0.412,0.545,8.5,3,7.8,1.7,12.4,0.34,0.18,6.2
Joel Anthony,San,C,34,9,6.2,12.9,8,0.101,2,1,8,0.625,0,0,0.676,1.3,1.8,16.3,0.1,2.5,0.11,0.22,4
Joel Embiid,Phi,C,22,31,25.4,52.8,36.2,0.179,244,0.783,331,0.495,98,0.367,0.584,20.2,7.8,17,2.1,16.4,0.87,2.45,10.9
Joffrey Lauvergne,Okc,C,25,50,14.8,30.8,17.8,0.126,58,0.638,166,0.506,78,0.346,0.531,5.7,3.7,13.7,1,10.5,0.36,0.12,7.5
John Henson,Mil,C,26,46,20.2,42.1,16.3,0.14,99,0.707,245,0.514,1,0,0.556,7,5.2,14.6,1.1,8,0.54,1.3,6.8
John Wall,Was,PG,26,53,36.6,76.2,30.5,0.167,335,0.812,791,0.484,182,0.313,0.54,22.8,4.4,6.8,10.6,46.4,2.08,0.57,11.2
Johnny O'Bryant III,Den,PF,23,7,6.6,13.8,18,0.152,4,1,12,0.417,3,0.667,0.597,2.9,1.6,13.2,0.3,6.3,0,0.14,6.8
Jon Leuer,Det,PF,27,51,27,56.3,17,0.087,85,0.906,320,0.584,123,0.325,0.594,11.2,5.7,11.6,1.7,9.6,0.43,0.39,7.1
Jonas Jerebko,Bos,PF,29,56,16.6,34.6,11.6,0.141,21,0.81,100,0.55,98,0.347,0.552,4.1,3.4,11.6,0.9,7.2,0.39,0.27,5.6
Jonas Valanciunas,Tor,C,24,55,26.9,56.1,19.7,0.119,155,0.852,509,0.538,0,0,0.589,12.4,9.9,20.6,0.7,4.4,0.47,0.73,6.6
Jonathan Gibson,Dal,PG,29,17,13.6,28.3,26.4,0.163,29,0.724,50,0.4,45,0.333,0.492,6.2,1.3,5.6,1.5,18.7,0.47,0,6.8
Jonathon Simmons,San,SG,27,52,18.1,37.7,17.8,0.143,96,0.75,213,0.474,63,0.302,0.52,6.4,2.3,7.3,1.6,12.9,0.67,0.37,6.3
Jordan Clarkson,Lal,SG,24,58,27.4,57,23.1,0.127,110,0.782,485,0.505,217,0.332,0.528,13.7,2.9,5.7,2.1,12.6,1.22,0.1,6.4
Jordan Farmar,Sac,PG,30,2,17.7,36.9,19.1,0.2,0,0,3,0,9,0.444,0.5,6,1.5,4.9,4.5,38.7,1,0,7.8
Jordan Hill,Min,C,29,5,7.9,16.5,16.7,0.202,2,1,11,0.364,0,0,0.421,2,2.6,19.1,0,0,0.2,0,0
Jordan McRae,Cle,SG,25,36,10.6,22,20.5,0.079,34,0.794,99,0.404,50,0.34,0.482,4.4,1.1,5.9,0.5,7.4,0.22,0.17,5.1
Jordan Mickey,Bos,PF,22,16,7.2,15,15.6,0.173,10,0.6,28,0.5,1,0,0.509,2.1,1.8,13.6,0.3,6.3,0.13,0.19,5.8
Jose Calderon,Lal,PG,35,24,12.2,25.3,15.3,0.248,4,1,43,0.465,34,0.353,0.508,3.3,1.8,7.8,2.1,25.2,0.29,0.04,7.6
Josh Huestis,Okc,PF,25,1,6.9,14.4,24.7,0,0,0,2,1,2,0.5,0.875,7,4,32,1,38.6,0,0,17.6
Josh McRoberts,Mia,PF,29,22,17.3,36.1,16.9,0.159,9,0.667,87,0.356,31,0.419,0.439,4.9,3.4,10.7,2.3,19.1,0.45,0.18,7.8
Josh Richardson,Mia,SG,23,28,31.3,65.1,18.7,0.114,34,0.735,166,0.464,144,0.313,0.483,11.2,3.3,5.8,2.8,13.3,0.96,0.5,6
JR Smith,Cle,SG,31,21,28.9,60.2,14.7,0.074,9,0.778,46,0.261,138,0.362,0.481,8.6,2.1,4.1,1.2,5.9,1.24,0.43,3.9
Jrue Holiday,Nor,PG,26,42,32.3,67.4,24.5,0.172,126,0.69,399,0.501,168,0.393,0.55,16.3,4,6.6,7.5,38.4,1.62,0.57,9.8
Juan Hernangomez,Den,PF,21,40,12.8,26.7,13.6,0.085,47,0.702,68,0.471,62,0.419,0.581,4.4,2.9,12.6,0.5,5.4,0.45,0.3,5.8
Julius Randle,Lal,PF,22,50,28.2,58.9,21.9,0.17,190,0.716,493,0.499,24,0.25,0.538,12.9,8.1,15.5,3.6,20.2,0.72,0.42,10.2
Justin Anderson,Dal,SF,23,51,13.9,29,23.7,0.113,88,0.795,154,0.481,122,0.303,0.523,6.5,2.9,12.3,0.6,7.6,0.55,0.31,6.5
Justin Hamilton,Bro,C,26,48,19.6,40.8,15.4,0.1,32,0.719,144,0.597,147,0.306,0.541,6.9,4.5,12,0.8,6.6,0.5,0.77,6
Justin Holiday,Nyk,SG,27,57,19.6,40.9,16.6,0.111,66,0.833,163,0.485,192,0.359,0.547,7.4,2.8,7.7,1.2,8.5,0.86,0.35,6
Justise Winslow,Mia,SF,20,18,34.7,72.4,19.9,0.118,47,0.617,191,0.382,35,0.2,0.397,10.9,5.2,8.3,3.7,15.7,1.44,0.33,6.8
Jusuf Nurkic,Den,C,22,45,17.9,37.4,22.4,0.189,113,0.496,298,0.507,0,0,0.515,8,5.8,17.9,1.3,11.2,0.56,0.78,8.8
Karl-Anthony Towns,Min,C,21,57,36.5,76,27.4,0.116,302,0.828,812,0.558,192,0.339,0.594,23.7,11.8,18.9,2.9,14.3,0.67,1.44,10.2
Kawhi Leonard,San,SF,25,51,33.5,69.8,31,0.09,376,0.899,640,0.525,261,0.395,0.618,25.9,5.9,10,3.3,17.6,1.8,0.73,9.5
Kay Felder,Cle,PG,21,35,9.8,20.3,22.3,0.127,45,0.711,112,0.42,20,0.35,0.484,4.2,1,5.6,1.3,20.7,0.37,0.17,7.2
Kelly Olynyk,Bos,C,25,50,21.5,44.9,18.6,0.141,82,0.707,203,0.616,145,0.379,0.616,9.5,4.8,12.6,2,14.5,0.66,0.4,8.4
Kelly Oubre Jr.,Was,SF,21,53,20.7,43,14.2,0.094,64,0.75,156,0.519,135,0.296,0.517,6.2,3.4,9.2,0.6,4.1,0.75,0.17,4.5
Kemba Walker,Cha,PG,26,55,34.3,71.4,28.7,0.104,254,0.835,601,0.479,377,0.395,0.567,22.5,4.1,6.4,5.5,29.2,1.16,0.27,9.3
Kenneth Faried,Den,PF,27,47,22.3,46.5,17.3,0.109,167,0.689,304,0.576,5,0,0.608,9.9,8,19.9,0.9,5.9,0.74,0.74,7.4
Kent Bazemore,Atl,SF,27,54,27.4,57.2,20.4,0.136,123,0.715,347,0.435,196,0.332,0.49,10.8,3.2,6.4,2.6,14.6,1.31,0.7,6.5
Kentavious Caldwell-,Det,SG,23,52,33.8,70.5,19.3,0.085,126,0.833,350,0.44,290,0.372,0.53,14.2,3.3,5.5,2.8,12.4,1.29,0.17,6
Kevin Durant,Gol,SF,28,56,34.1,71.1,27.8,0.104,355,0.876,664,0.61,286,0.374,0.652,25.8,8.3,13.3,4.9,22.3,1.13,1.7,11.9
Kevin Love,Cle,PF,28,46,31.9,66.4,26.6,0.11,249,0.876,371,0.466,310,0.384,0.582,20,11.1,19.1,1.9,9.6,0.91,0.35,9.4
Kevin Seraphin,Ind,PF,27,34,12.2,25.5,17.1,0.119,10,0.5,135,0.556,1,0,0.552,4.6,3.2,14.6,0.6,7.2,0.12,0.47,6.8
Kevon Looney,Gol,C,20,43,9.3,19.4,12.5,0.112,32,0.656,81,0.605,8,0.25,0.606,2.9,2.6,15.1,0.6,8,0.3,0.37,7.1
Khris Middleton,Mil,SG,25,4,19.8,41.3,23.4,0.097,12,0.833,28,0.464,4,0.5,0.563,10.5,2,5.8,4.5,36,1.5,0.25,9.2
KJ McDaniels,Hou,SF,23,29,7.3,15.2,16.6,0.121,10,0.9,41,0.537,27,0.333,0.552,2.8,1,7.9,0.1,2.7,0.21,0.28,3.6
Klay Thompson,Gol,SG,26,54,34.1,71.1,25.6,0.088,151,0.841,502,0.518,431,0.422,0.597,22.1,3.8,6.1,2,9,0.81,0.46,6.5
Kosta Koufos,Sac,C,27,57,19.1,39.9,14.3,0.142,51,0.549,272,0.585,1,0,0.586,6.1,5.4,16.4,0.6,5.3,0.56,0.61,5.7
Kris Dunn,Min,PG,22,53,16.6,34.7,14.9,0.239,50,0.58,155,0.394,49,0.265,0.42,3.6,2.2,7.6,2.5,21.1,0.89,0.45,6.5
Kris Humphries,Atl,PF,31,44,11.9,24.7,17.7,0.114,62,0.79,119,0.471,41,0.366,0.55,4.7,3.4,15.8,0.5,6.4,0.25,0.36,6.7
Kristaps Porzingis,Nyk,PF,21,49,33.1,68.9,24,0.098,190,0.784,490,0.48,242,0.384,0.551,18.3,7.1,11.5,1.3,6.4,0.73,1.96,6.7
Kyle Anderson,San,SG,23,51,13.2,27.4,11.5,0.158,44,0.795,100,0.44,24,0.375,0.523,2.9,2.6,11.2,1.1,11,0.65,0.39,6.1
Kyle Korver,Atl,SG,35,32,28,58.2,14.5,0.135,27,0.889,86,0.5,159,0.409,0.594,9.5,2.8,5.5,2.3,12.4,0.69,0.41,5.6
Kyle Korver,Cle,SG,35,19,25.4,52.9,15.2,0.107,8,0.875,45,0.511,101,0.515,0.699,11,3.1,6.7,0.8,5,0.47,0.26,4.7
Kyle Lowry,Tor,PG,30,56,37.7,78.5,24.8,0.134,344,0.826,426,0.512,444,0.417,0.624,22.8,4.7,7.1,6.9,29.1,1.45,0.32,9.6
Kyle O'Quinn,Nyk,PF,26,55,15.3,31.8,18.8,0.144,52,0.75,283,0.548,9,0.111,0.559,6.4,5.6,19.5,1.2,12.7,0.42,1.36,9.2
Kyle Singler,Okc,SF,28,27,10.5,21.8,10.5,0.143,11,0.818,29,0.552,26,0.231,0.493,2.2,1.2,6.3,0.2,2.4,0.11,0.15,3.1
Kyrie Irving,Cle,PG,24,49,35.2,73.3,30.2,0.111,212,0.906,658,0.495,303,0.389,0.568,24.4,3.1,4.9,5.9,29.7,1.24,0.24,8.7
Lamar Patterson,Atl,SG,25,4,7.6,15.8,25,0.231,3,0.667,7,0.286,5,0.2,0.338,2.3,1.5,10.9,0.8,14.2,0.25,0,7.4
LaMarcus Aldridge,San,PF,31,51,32.3,67.4,24.7,0.082,222,0.815,689,0.482,38,0.421,0.541,17.5,7.3,12.8,2.1,10.6,0.59,1.12,8
Lance Stephenson,Nor,SG,26,6,27.1,56.4,19,0.158,8,0.625,45,0.556,10,0.1,0.496,9.7,3,5.8,4.8,28.1,0.33,0.17,7.7
Lance Stephenson,Min,SG,26,4,12.4,25.7,17.9,0.101,2,0.5,16,0.5,1,0,0.475,4.3,1.8,8.2,0.8,9.4,0,0,5.9
Lance Thomas,Nyk,PF,28,32,17.4,36.3,13,0.095,21,0.857,95,0.358,49,0.429,0.486,4.7,1.9,5.9,0.5,4.2,0.44,0.09,3.8
Langston Galloway,Nor,PG,25,55,20.4,42.4,19.5,0.057,52,0.769,173,0.37,268,0.377,0.508,8.6,2.2,5.7,1.2,8.9,0.73,0.09,5.6
Larry Nance Jr.,Lal,PF,24,39,22.3,46.4,13.1,0.132,47,0.723,197,0.584,13,0.154,0.585,6.9,5.5,13.4,1.5,10.1,1.21,0.64,6.9
Lavoy Allen,Ind,PF,27,42,14,29.2,10.2,0.135,20,0.65,106,0.443,1,0,0.462,2.5,2.8,11.3,0.9,9.1,0.31,0.31,5.3
Leandro Barbosa,Pho,SG,34,53,13.1,27.3,19.3,0.085,25,0.84,217,0.452,64,0.422,0.51,5.6,1.4,6,1.2,14.2,0.43,0.11,6.4
LeBron James,Cle,SF,32,52,37.5,78.2,29.5,0.169,360,0.689,700,0.589,234,0.389,0.616,25.9,7.7,11.3,8.8,41.6,1.42,0.56,12.9
Lou Williams,Lal,SG,30,58,24.2,50.4,30.6,0.119,344,0.884,417,0.489,317,0.385,0.609,18.6,2.3,5.1,3.2,22.8,1.12,0.17,8.5
Luc Mbah a Moute,Lac,PF,30,54,22.5,46.9,11.7,0.106,64,0.719,178,0.534,80,0.388,0.575,6.1,2.4,5.8,0.4,2.5,1.04,0.52,3.2
Lucas Nogueira,Tor,C,24,48,21.6,45,9.6,0.192,67,0.657,142,0.704,9,0.333,0.701,5.3,4.9,12.7,0.8,5.2,1.02,1.75,5.1
Luis Scola,Bro,PF,36,36,12.8,26.7,18.7,0.169,37,0.676,101,0.535,50,0.34,0.55,5.1,3.9,15.9,1,12.7,0.39,0.11,8.5
Luke Babbitt,Mia,SF,27,48,15.7,32.6,13.1,0.077,15,0.733,60,0.367,137,0.387,0.526,4.5,2,7.2,0.5,4.4,0.31,0.17,4.2
Luol Deng,Lal,SF,31,54,27,56.1,14.2,0.087,63,0.73,252,0.437,162,0.315,0.474,7.8,5.4,10.8,1.3,7,0.87,0.37,5.6
Malachi Richardson,Sac,SG,21,22,9,18.8,19.2,0.095,19,0.789,40,0.5,28,0.286,0.517,3.6,1,6.8,0.5,8.8,0.23,0.05,5.4
Malcolm Brogdon,Mil,SG,24,55,25.6,53.2,18.1,0.152,94,0.851,311,0.447,127,0.417,0.539,9.4,2.7,6,4.2,23.8,1.18,0.13,7.4
Malcolm Delaney,Atl,PG,27,56,17.7,36.9,18.9,0.178,74,0.811,229,0.441,89,0.258,0.472,5.9,1.8,5.5,2.7,22.9,0.55,0.02,6.9
Manu Ginobili,San,SG,39,49,18.4,38.4,21,0.155,84,0.821,157,0.357,160,0.406,0.531,7.7,2.3,7.1,2.5,19.5,1.1,0.29,7.7
Marc Gasol,Mem,C,32,55,34.4,71.6,26.9,0.106,273,0.846,686,0.49,200,0.385,0.564,20.6,6.2,10.3,4.3,24,0.96,1.4,9.5
Marcelo Huertas,Lal,PG,33,23,10.3,21.4,17.1,0.201,17,0.529,49,0.429,19,0.211,0.417,2.7,1,5.5,2.3,31.5,0.43,0.09,7.1
Marcin Gortat,Was,C,32,55,34.5,71.9,14.4,0.135,110,0.682,487,0.598,1,0,0.612,11.9,11.4,18.7,1.6,6.6,0.58,1.02,7
Marco Belinelli,Cha,SG,30,51,24.6,51.4,19,0.093,104,0.885,236,0.487,206,0.374,0.567,10.8,2.5,5.5,1.9,12.1,0.65,0.16,6
Marcus Morris,Det,SF,27,56,33,68.8,20,0.074,125,0.8,452,0.478,261,0.333,0.516,14.2,4.7,7.9,2.1,9.7,0.75,0.29,6.3
Marcus Smart,Bos,PG,22,54,31.1,64.7,18.2,0.164,150,0.773,284,0.426,220,0.309,0.493,10.4,3.9,7,4.6,21.2,1.72,0.41,7.3
Marcus Thornton,Was,SG,29,33,17.4,36.3,18.9,0.101,27,0.852,130,0.431,80,0.35,0.494,6.6,2.3,7.5,1.2,9.9,0.58,0.09,6
Mario Hezonja,Orl,SF,21,41,11.4,23.7,20.8,0.169,17,0.765,95,0.389,79,0.316,0.446,4,1.7,8.1,0.7,9.8,0.37,0.2,5.9
Markieff Morris,Was,PF,27,53,32.1,66.8,21.4,0.121,174,0.816,503,0.481,147,0.367,0.542,14.9,6.8,12,1.8,8.3,1.17,0.58,7.1
Marquese Chriss,Pho,PF,19,57,18.8,39.1,19.7,0.122,103,0.631,255,0.486,138,0.297,0.497,7.6,3.5,10.3,0.6,5.1,0.77,0.6,5.4
Marreese Speights,Lac,C,29,56,16.5,34.4,24.4,0.085,124,0.879,207,0.502,201,0.393,0.599,9.9,4.7,15.6,0.9,8.6,0.34,0.5,8.4
Marshall Plumlee,Nyk,C,24,8,8.1,16.8,7.1,0.376,6,0.5,4,0.75,0,0,0.678,1.1,2.1,14.1,0.5,7.9,0.13,0.25,5.2
Marvin Williams,Cha,PF,30,50,28.5,59.3,17.4,0.067,83,0.843,233,0.472,249,0.345,0.528,11,5.6,10.6,1.2,6.6,0.72,0.54,5.9
Mason Plumlee,Por,C,26,54,28.1,58.5,18.2,0.14,224,0.567,437,0.538,5,0,0.552,11.1,8,15.8,4,21.6,0.93,1.17,10.1
Matt Barnes,Sac,SF,36,54,25.3,52.7,16.4,0.168,66,0.758,172,0.453,211,0.327,0.501,7.6,5.4,12.5,2.8,16.6,0.67,0.31,7.7
Matthew Dellavedova,Mil,PG,26,50,26.5,55.2,15.9,0.195,71,0.803,211,0.412,134,0.366,0.502,7.6,2,4.3,5.2,27.2,0.84,0,6.5
Maurice Harkless,Por,SF,23,52,28.9,60.3,16.4,0.112,72,0.667,307,0.547,159,0.346,0.552,10.6,4.7,8.9,1,5.3,1.17,0.88,5.1
Maurice Ndour,Nyk,PF,24,20,7.2,15,14.8,0.101,10,0.9,35,0.486,5,0.2,0.518,2.3,1.4,10.4,0.1,1,0.4,0.1,3.8
Meyers Leonard,Por,PF,24,48,16.3,34,16.7,0.087,28,0.893,110,0.4,150,0.34,0.488,5.5,3.2,10.8,0.9,7.8,0.13,0.42,6.2
Michael Beasley,Mil,SF,28,47,16.8,35.1,24.4,0.135,93,0.71,294,0.544,37,0.432,0.583,9.2,3.6,12.1,1,10.3,0.49,0.47,7.6
Michael Carter-Willi,Chi,PG,25,26,22.3,46.4,20.7,0.159,59,0.763,163,0.442,43,0.209,0.466,8.3,4.7,11.4,2.7,18.3,0.81,0.42,8.5
Michael Kidd-Gilchri,Cha,SF,23,55,29.7,61.9,14.5,0.079,136,0.765,421,0.463,8,0.125,0.508,9,7.5,13.6,1.4,7,0.84,1.02,6.1
Mike Conley,Mem,PG,29,46,32.7,68.1,26.1,0.121,231,0.861,394,0.462,266,0.41,0.584,19.3,3.5,6.2,6.2,34.6,1.33,0.33,9.2
Mike Dunleavy,Cle,SF,36,23,15.9,33.2,13.5,0.125,19,0.737,33,0.485,57,0.351,0.539,4.6,2,7.1,0.9,7.5,0.26,0.09,5.1
Mike Dunleavy,Atl,SF,36,18,16.2,33.8,14.7,0.112,11,0.818,31,0.484,51,0.431,0.605,5.8,2.4,8.3,0.9,8.7,0.28,0.11,5.7
Mike Miller,Den,SF,36,13,6.1,12.6,12.8,0.377,2,1,2,0,12,0.5,0.672,1.5,1.4,12.7,0.9,19.9,0.08,0,8.1
Mike Muscala,Atl,C,25,50,19.7,41,15.2,0.129,54,0.778,188,0.553,85,0.424,0.603,7.2,3.7,10.3,1.3,10.4,0.48,0.66,6.6
Mike Scott,Atl,PF,28,18,10.8,22.6,15.8,0.113,8,0.875,32,0.406,27,0.148,0.36,2.5,2.1,10.5,0.9,12.3,0.22,0.17,6.2
Miles Plumlee,Mil,C,28,32,9.7,20.2,15.3,0.209,35,0.629,68,0.441,0,0,0.492,2.6,1.7,9.8,0.6,8,0.34,0.28,5.7
Miles Plumlee,Cha,C,28,5,13.4,27.9,9.3,0.214,0,0,11,0.727,0,0,0.727,3.2,4,16.1,0.4,4.5,0.2,0.6,5.1
Mindaugas Kuzminskas,Nyk,SF,27,47,14.6,30.4,19,0.115,43,0.791,130,0.515,120,0.317,0.524,6,1.9,6.9,1,10,0.53,0.19,6.2
Mirza Teletovic,Mil,PF,31,46,16.3,34,19.9,0.099,36,0.778,73,0.479,210,0.348,0.53,6.9,2.4,8.5,0.7,6.7,0.15,0.22,5.6
Monta Ellis,Ind,SG,31,49,27.2,56.6,16,0.189,94,0.787,265,0.483,79,0.304,0.522,8.2,2.8,5.8,3.4,17.8,0.94,0.37,6.3
Montrezl Harrell,Hou,PF,23,46,19.1,39.8,17.9,0.108,97,0.649,283,0.647,3,0.333,0.657,9.4,3.8,11.1,1.2,10.2,0.39,0.74,7.3
Myles Turner,Ind,C,20,56,30.9,64.4,20.9,0.099,241,0.797,532,0.545,93,0.366,0.598,15.6,7.2,13.1,1.1,5.9,0.84,2.11,6.4
Nemanja Bjelica,Min,PF,28,55,17.2,35.9,16.5,0.142,50,0.74,132,0.545,148,0.311,0.528,5.8,3.3,11,1.1,9.4,0.62,0.24,6.4
Nene,Hou,C,34,48,17.1,35.6,19,0.153,139,0.59,242,0.616,7,0.429,0.627,8.1,3.9,12.6,0.9,8.1,0.77,0.63,7.1
Nerlens Noel,Phi,C,22,29,19.5,40.5,17.9,0.125,63,0.683,174,0.615,1,0,0.634,8.9,5,14.1,1,9.2,1.45,0.9,7.3
Nick Collison,Okc,PF,36,14,5.8,12.1,8.9,0.234,7,0.571,10,0.6,0,0,0.612,1.1,1.1,10.2,0.6,13.4,0.07,0.07,6.2
Nick Young,Lal,SG,31,51,26.5,55.2,19.4,0.049,86,0.849,191,0.492,356,0.413,0.6,13.8,2.4,4.8,1.1,6.5,0.65,0.27,5
Nicolas Batum,Cha,SG,28,53,34.6,72.1,21.4,0.162,202,0.847,385,0.439,264,0.36,0.538,15,7.1,11,6.1,27.6,1.09,0.4,10
Nicolas Brussino,Dal,SF,23,36,6.8,14.2,14.1,0.151,9,0.667,19,0.579,39,0.308,0.516,1.8,1.2,10.2,0.7,15.4,0.28,0.14,6.8
Nicolas Laprovittola,San,PG,27,18,9.7,20.1,18.2,0.272,9,1,20,0.5,27,0.37,0.579,3.3,0.6,3.3,1.6,22.8,0.22,0.06,6.1
Nik Stauskas,Phi,SG,23,54,27,56.3,15.6,0.155,95,0.811,174,0.443,226,0.376,0.55,9,2.7,5.6,2.2,12.6,0.52,0.44,5.6
Nikola Jokic,Den,C,21,49,26.9,56.1,23.1,0.141,152,0.816,468,0.62,85,0.365,0.643,16.3,9,18.5,4.3,27,0.78,0.84,12.8
Nikola Mirotic,Chi,PF,25,48,22.5,46.8,19.4,0.11,83,0.771,157,0.503,234,0.299,0.505,9,5.1,12.4,0.9,6,0.73,0.77,6.1
Nikola Vucevic,Orl,C,26,55,28.5,59.4,24.3,0.107,112,0.616,670,0.49,50,0.28,0.499,13.9,10,19.3,2.8,17.4,0.95,0.98,10.2
Noah Vonleh,Por,PF,21,48,13.2,27.5,14.4,0.184,43,0.558,130,0.415,20,0.35,0.453,3.2,4.2,17.5,0.2,2.4,0.33,0.33,4.2
Norman Powell,Tor,SG,23,53,17.3,36.1,19.3,0.108,88,0.773,212,0.509,105,0.343,0.551,7.4,2,6.4,1,9,0.75,0.21,5.7
Okaro White,Mia,PF,24,14,16.2,33.7,10.8,0.164,16,0.938,20,0.5,19,0.421,0.641,4.2,2.5,8.5,0.4,3.7,0.21,0.29,4
Omer Asik,Nor,C,30,31,15.6,32.4,8.8,0.146,39,0.59,65,0.477,0,0,0.517,2.7,5.3,17.8,0.5,4.3,0.16,0.32,4.9
Omri Casspi,Sac,SF,28,22,18,37.6,16.3,0.119,21,0.571,88,0.477,29,0.379,0.511,5.9,4.1,13.2,1.2,10.3,0.45,0.05,6.8
Otto Porter,Was,SF,23,55,33.9,70.5,15.5,0.061,88,0.795,323,0.588,254,0.465,0.653,14.6,6.7,11.2,1.6,6.7,1.47,0.62,6.4
Pascal Siakam,Tor,PF,22,48,16.8,35,12.8,0.134,32,0.688,183,0.514,4,0,0.522,4.4,3.5,11.6,0.3,2.7,0.48,0.88,4
Pat Connaughton,Por,SG,24,27,7.2,15.1,11,0.123,9,0.778,23,0.522,16,0.438,0.605,1.9,1.1,8.8,0.6,10.8,0.15,0.07,6
Patrick Beverley,Hou,SG,28,44,30.5,63.6,14.1,0.142,43,0.814,175,0.486,187,0.39,0.557,9.6,5.6,10.2,4.4,20.1,1.48,0.41,8.1
Patrick McCaw,Gol,SG,21,46,12.4,25.8,12.6,0.132,18,0.611,57,0.509,80,0.35,0.528,3.3,1,4.4,1,9.6,0.35,0.22,4.8
Patrick Patterson,Tor,PF,27,40,27.3,56.8,12.4,0.092,41,0.659,86,0.43,171,0.363,0.522,7.2,5.5,11.3,1.4,7.2,0.75,0.4,5.6
Patty Mills,San,PG,28,55,21.3,44.3,20.2,0.136,56,0.857,199,0.472,228,0.434,0.59,9.7,1.8,4.9,3.3,23.6,0.84,0,7.3
Pau Gasol,San,C,36,39,26.4,55,20.2,0.107,101,0.644,322,0.516,43,0.465,0.558,11.7,7.9,17,2.7,16.1,0.41,1.15,9.5
Paul George,Ind,SF,26,50,35.7,74.4,28.1,0.127,243,0.914,572,0.479,301,0.382,0.569,22.3,6.2,9.7,3.3,15.6,1.54,0.32,8.6
Paul Millsap,Atl,PF,31,53,34.2,71.2,24.2,0.115,291,0.763,561,0.478,196,0.327,0.537,17.9,7.9,12.7,3.8,18,1.47,0.96,9.5
Paul Pierce,Lac,SF,39,13,11.8,24.6,15.5,0.15,10,0.8,14,0.357,27,0.37,0.529,3.7,1.4,6.5,0.2,1.8,0.23,0.23,3.4
Paul Zipser,Chi,SF,22,23,15.2,31.7,14.6,0.128,25,0.8,45,0.4,46,0.283,0.466,4.1,2.3,8,0.4,4.1,0.3,0.22,4.1
Pierre Jackson,Dal,PG,25,8,10.6,22,25.3,0.067,7,0.857,28,0.357,11,0.273,0.416,4.4,1.1,6.2,2.4,37.6,0.25,0,8.5
PJ Tucker,Pho,SF,31,57,28.5,59.5,11.4,0.118,77,0.792,217,0.465,136,0.338,0.518,7,6,11.6,1.3,6.2,1.51,0.25,5.3
Quincy Acy,Dal,PF,26,6,8,16.6,20.1,0.098,3,0.667,10,0.4,7,0.143,0.355,2.2,1.3,9.8,0,0,0,0,0
Quincy Acy,Bro,PF,26,12,11.2,23.3,19.2,0.083,17,0.882,25,0.48,23,0.565,0.703,6.5,2.6,12.2,0.2,2.5,0.25,0.58,5.4
Rajon Rondo,Chi,PG,30,48,26.3,54.7,17,0.24,33,0.545,281,0.388,79,0.316,0.415,6.5,5.2,10.7,6.5,36.2,1.29,0.17,9.2
Ramon Sessions,Cha,PG,30,50,16.2,33.8,19.8,0.127,118,0.771,201,0.393,62,0.339,0.495,6.2,1.5,4.8,2.6,24.3,0.5,0.06,7.1
Randy Foye,Bro,SG,33,43,18.9,39.4,15.3,0.206,37,0.811,85,0.412,130,0.338,0.502,5.4,2.4,6.8,2.1,16.3,0.4,0.16,6.4
Rashad Vaughn,Mil,SG,20,24,11.5,24.1,16.7,0.068,2,0.5,39,0.385,56,0.339,0.459,3.7,1.2,6,0.4,5.2,0.5,0.21,4.2
Raul Neto,Uta,PG,24,29,7.3,15.3,15.8,0.153,4,1,38,0.553,21,0.286,0.527,2.2,0.7,5.4,0.7,14.9,0.41,0,5.6
Raymond Felton,Lac,PG,32,54,22.8,47.6,17.1,0.129,41,0.78,278,0.468,116,0.371,0.511,7.8,3,7.3,2.7,17.4,0.81,0.35,7
Reggie Bullock,Det,SF,25,14,15.5,32.2,15,0.082,4,0.5,33,0.545,32,0.313,0.509,4.9,1.9,6.9,0.9,8,0.43,0.21,5.2
Reggie Jackson,Det,PG,26,36,28.4,59.2,26.6,0.14,107,0.85,342,0.453,135,0.363,0.523,15.2,2.3,4.4,5.6,31.3,0.78,0.06,8.2
Reggie Williams,Nor,SF,30,5,12.7,26.5,16.1,0,7,0.857,10,0.2,10,0.5,0.542,5,1.2,5,0.8,9.2,0.6,0,5.3
Richard Jefferson,Cle,SF,36,54,19.5,40.6,12.2,0.117,72,0.736,105,0.562,121,0.289,0.536,5.1,2.4,6.7,0.9,6.6,0.28,0.11,4.6
Richaun Holmes,Phi,C,23,31,15.9,33.2,18.3,0.13,50,0.62,137,0.547,22,0.364,0.566,6.6,4.3,14.7,0.8,8.5,0.52,0.77,7.1
Ricky Rubio,Min,PG,26,51,32.1,66.9,14.9,0.224,164,0.872,227,0.445,128,0.281,0.53,8.9,3.8,6.9,8.4,36.2,1.78,0.1,8.2
Robert Covington,Phi,SF,26,50,31.1,64.7,18.7,0.144,115,0.791,219,0.461,300,0.327,0.515,11.7,6.2,10.9,1.6,8,1.92,0.9,6.3
Robin Lopez,Chi,C,28,57,28,58.3,16.7,0.098,74,0.676,517,0.493,1,0,0.509,9.8,6.9,13.3,0.9,5.4,0.18,1.56,5.6
Rodney Hood,Uta,SG,24,40,28.6,59.6,23.1,0.083,77,0.753,259,0.467,224,0.366,0.528,13.7,3.6,7.2,1.9,11.1,0.58,0.2,6.4
Rodney McGruder,Mia,SG,25,53,26.2,54.6,12,0.096,52,0.654,166,0.452,149,0.336,0.494,6.3,3.4,7.2,1.5,8.2,0.72,0.21,4.9
Rodney Stuckey,Ind,PG,30,25,18.6,38.7,22.5,0.145,80,0.763,128,0.469,37,0.324,0.542,8.7,2.2,6.6,2,16,0.4,0,7.2
Ron Baker,Nyk,SG,23,28,11.7,24.4,15.7,0.167,20,0.6,50,0.42,41,0.317,0.466,3.3,1.5,6.7,1.2,14,0.57,0.11,6.2
Rondae Hollis-Jeffer,Bro,SF,22,52,21.8,45.4,17.9,0.168,168,0.762,274,0.456,47,0.213,0.517,7.8,5.1,12.4,2.1,14.2,0.98,0.52,8
Roy Hibbert,Cha,C,30,42,16,33.3,13.8,0.149,75,0.813,144,0.542,0,0,0.613,5.2,3.6,12,0.5,4.5,0.19,1.05,5.3
Rudy Gay,Sac,SF,30,30,33.8,70.3,25.7,0.128,138,0.855,329,0.483,113,0.372,0.559,18.7,6.3,10.9,2.8,14.3,1.5,0.87,8.2
Rudy Gobert,Uta,C,24,57,33.5,69.8,16.1,0.158,334,0.662,402,0.642,1,0,0.67,12.9,12.6,21.8,1,4.9,0.68,2.49,6.5
Russell Westbrook,Okc,PG,28,57,34.6,72.2,41.8,0.161,600,0.828,995,0.453,367,0.338,0.545,31.1,10.5,16.7,10.1,56.3,1.61,0.37,17.2
Ryan Anderson,Hou,PF,28,55,30.8,64.2,17.6,0.07,124,0.847,222,0.446,375,0.405,0.582,13.8,5,9.1,1,4.6,0.51,0.22,5.3
Ryan Kelly,Atl,PF,25,9,5.3,10.9,11.9,0.155,2,1,5,0.2,5,0.4,0.46,1.1,1.1,11.7,0.6,14.5,0.44,0.22,6.8
Salah Mejri,Dal,C,30,50,13.3,27.8,9.4,0.227,34,0.647,85,0.694,2,0,0.687,2.8,4.6,20.1,0.2,2.3,0.5,0.98,4.1
Sam Dekker,Hou,SF,22,58,19.7,41,15.9,0.087,56,0.589,205,0.595,158,0.323,0.555,7.4,3.9,10.9,1.1,8.1,0.57,0.33,6.4
Sasha Vujacic,Nyk,SG,32,28,8.2,17.1,15.1,0.124,15,0.8,28,0.357,36,0.306,0.46,2.3,1.2,7.7,0.8,13.7,0.32,0.07,6.4
Sean Kilpatrick,Bro,SG,27,55,26,54.1,23.9,0.151,185,0.838,349,0.464,248,0.351,0.545,13.5,4,8.2,2.3,14.7,0.67,0.09,7.7
Semaj Christon,Okc,PG,24,40,14.8,30.7,14.1,0.143,23,0.478,116,0.397,42,0.19,0.378,3.2,1.4,5.2,2.3,21.5,0.35,0.08,5.9
Serge Ibaka,Orl,PF,27,56,30.5,63.6,21,0.082,91,0.846,489,0.532,214,0.388,0.569,15.1,6.8,12.3,1.1,5.9,0.61,1.61,6.3
Sergio Rodriguez,Phi,PG,30,51,22.7,47.3,19.8,0.205,21,0.714,213,0.423,197,0.371,0.494,8.1,2.5,5.9,5.1,35.9,0.8,0.08,8.3
Seth Curry,Dal,PG,26,52,28.2,58.8,18.9,0.109,60,0.8,270,0.511,226,0.416,0.58,11.7,2.6,5.3,2.7,16.3,1.17,0.12,6.2
Shabazz Muhammad,Min,SF,24,53,19.6,40.9,20.1,0.074,122,0.787,283,0.491,99,0.414,0.57,9.4,2.9,8.5,0.5,3.8,0.28,0.08,4.9
Shabazz Napier,Por,PG,25,32,7.7,16,22.7,0.165,25,0.72,39,0.462,56,0.339,0.524,3.5,0.7,5.2,0.9,17.9,0.53,0.03,6.8
Shaun Livingston,Gol,PG,31,51,17.3,36.1,13.2,0.152,40,0.6,211,0.569,1,0,0.575,5.2,1.9,6.2,1.7,12.9,0.47,0.22,5.9
Sheldon McClellan,Was,SG,24,25,9.9,20.7,13.5,0.039,21,0.857,38,0.474,26,0.231,0.492,2.9,1.2,6.8,0.6,8,0.32,0.08,5.2
Shelvin Mack,Uta,PG,26,46,21.4,44.5,19.8,0.196,53,0.66,211,0.498,98,0.316,0.509,7.3,2.1,5.7,2.8,21.5,0.76,0.02,6.5
Skal Labissiere,Sac,PF,20,8,6.5,13.6,18,0.144,11,0.727,13,0.462,0,0,0.561,2.5,1.5,13.4,0.1,2.9,0.25,0,4.4
Solomon Hill,Nor,SF,25,55,28.5,59.3,11.2,0.132,83,0.807,135,0.444,171,0.357,0.54,6.7,3.7,6.8,1.7,8.4,0.89,0.44,4.9
Spencer Dinwiddie,Bro,PG,23,33,21.4,44.5,14.4,0.16,71,0.845,120,0.45,48,0.417,0.572,6.9,2.6,6.5,2.9,19.8,0.55,0.36,7
Spencer Hawes,Cha,PF,28,35,17.9,37.3,19.4,0.147,34,0.882,163,0.54,55,0.291,0.545,7.3,4.2,12.5,1.8,16.2,0.37,0.74,8.5
Stanley Johnson,Det,SF,20,53,16.7,34.8,14.2,0.163,40,0.65,132,0.447,86,0.302,0.471,4.2,2.3,7.5,1.3,10.8,0.64,0.36,5.6
Stephen Curry,Gol,PG,28,55,33.4,69.6,29,0.127,249,0.916,436,0.541,537,0.41,0.628,24.7,4.3,7,6.4,29.2,1.65,0.2,10.5
Steven Adams,Okc,C,23,55,30.8,64.2,16.8,0.163,178,0.674,480,0.575,1,0,0.601,12.2,7.9,14.2,1.1,5.6,1.09,1.09,6.1
Taj Gibson,Chi,PF,31,55,27.3,56.9,19.1,0.117,119,0.714,518,0.529,12,0.167,0.549,11.6,7,13.8,1.1,6.6,0.49,0.91,6.5
Tarik Black,Lal,C,25,46,16.3,33.9,16.4,0.143,85,0.718,207,0.512,2,0.5,0.56,6,5.4,18.1,0.7,6.5,0.41,0.52,6.9
Taurean Prince,Atl,SF,22,33,10.7,22.3,17.3,0.165,32,0.906,62,0.435,40,0.275,0.5,3.5,2,10.2,0.6,8.7,0.39,0.27,6
Terrence Jones,Nor,PF,25,51,24.8,51.6,21.5,0.078,170,0.606,414,0.512,75,0.253,0.518,11.5,5.9,12.6,1.2,7.6,0.76,1.04,7
Terrence Ross,Tor,SF,25,54,22.3,46.6,19.7,0.062,50,0.82,223,0.516,256,0.375,0.558,10.4,2.6,6.4,0.8,5.8,0.98,0.37,5
Terry Rozier,Bos,PG,22,52,18.1,37.7,16.2,0.088,51,0.765,171,0.398,118,0.331,0.469,5.6,3.1,9.5,1.7,13.8,0.63,0.19,6.8
Thabo Sefolosha,Atl,SF,32,44,25.8,53.8,13.7,0.115,57,0.772,210,0.505,79,0.329,0.532,7.6,4.3,9.2,1.6,8.9,1.68,0.52,5.8
Thaddeus Young,Ind,PF,28,49,31.1,64.8,16.6,0.129,63,0.571,353,0.561,111,0.396,0.573,11.5,6.1,11,1.7,8.1,1.84,0.49,6.3
Thomas Robinson,Lal,PF,25,34,11,22.9,17.3,0.165,35,0.429,111,0.523,0,0,0.518,3.9,4.4,21.8,0.7,9.5,0.47,0.26,8.3
Thon Maker,Mil,PF,19,30,7.3,15.2,19.2,0.086,25,0.6,42,0.5,32,0.5,0.618,3.5,1.7,13.1,0.2,3.5,0.2,0.33,5.8
Tim Frazier,Nor,PG,26,41,25.1,52.2,18,0.189,99,0.798,212,0.453,83,0.349,0.529,8.7,2.9,6,5.7,33.9,0.9,0.15,8.3
Tim Hardaway Jr.,Atl,SG,24,54,25.1,52.2,22.7,0.089,125,0.72,308,0.532,275,0.349,0.553,13.1,2.5,5.5,2.2,14.4,0.63,0.19,6.6
Timofey Mozgov,Lal,C,30,53,20.5,42.8,16.8,0.163,76,0.803,324,0.512,1,0,0.548,7.4,4.9,13,0.8,5.9,0.3,0.57,6
Timothe Luwawu-Cabar,Phi,SF,21,43,11.5,23.9,16.8,0.179,55,0.764,87,0.437,45,0.311,0.512,3.7,1.4,6.8,0.7,9.8,0.23,0.14,5.3
TJ Warren,Pho,SF,23,44,29,60.5,19.5,0.057,97,0.784,442,0.491,73,0.247,0.506,12.8,3.9,7.3,1,5.3,1.18,0.43,5.1
Tobias Harris,Det,PF,24,57,31.6,65.9,21.9,0.084,147,0.891,528,0.547,216,0.338,0.574,16.3,5.1,9,1.6,8.2,0.67,0.47,6.5
Tomas Satoransky,Was,SG,25,39,14.2,29.5,12.1,0.205,26,0.769,82,0.488,27,0.222,0.49,3,1.7,6.8,1.9,17.2,0.51,0.13,6
Toney Douglas,Mem,PG,30,14,17.2,35.8,18.2,0.155,20,0.85,46,0.457,27,0.222,0.471,5.5,2.9,9.4,2.3,21,0.79,0.21,7.7
Tony Allen,Mem,SG,35,49,27.9,58.1,17.9,0.137,105,0.629,388,0.474,31,0.226,0.489,9.3,5.6,11.5,1.2,7.2,1.76,0.49,5.7
Tony Parker,San,PG,34,43,26.1,54.3,20,0.115,76,0.776,360,0.486,45,0.356,0.521,10.6,1.9,4.1,4.8,28.5,0.49,0.05,7
Tony Snell,Mil,SF,25,54,28.5,59.5,11.6,0.085,37,0.757,112,0.58,237,0.401,0.606,8.2,3.3,6.7,1.2,6,0.52,0.24,4.5
Treveon Graham,Cha,SG,23,18,5.9,12.2,10.3,0.082,10,0.7,10,0.2,8,0.625,0.58,1.4,0.8,7.1,0.3,6.7,0.11,0,4.7
Trevor Ariza,Hou,SF,31,58,34.6,72.2,14.3,0.077,78,0.718,175,0.537,412,0.354,0.549,11.8,5.6,8.9,2.2,9,1.93,0.26,6.1
Trevor Booker,Bro,PF,29,51,26.2,54.5,17.8,0.172,90,0.667,366,0.568,56,0.268,0.564,10.2,8.5,17.2,2.2,13.6,1.27,0.43,8.8
Trey Burke,Was,PG,24,51,12.6,26.3,19.7,0.146,25,0.72,174,0.46,60,0.417,0.516,5,0.9,4,1.8,20.8,0.2,0.1,6.4
Trey Lyles,Uta,PF,21,57,18.3,38.1,22,0.119,71,0.718,210,0.429,189,0.323,0.481,7.3,3.7,11.7,1.1,10.2,0.44,0.3,6.8
Tristan Thompson,Cle,C,25,55,30,62.5,11.3,0.101,163,0.515,308,0.594,3,0,0.588,8.2,9.7,17.8,0.8,3.9,0.56,1.15,5.3
Troy Daniels,Mem,SG,25,43,17.3,36,22.1,0.072,44,0.818,95,0.379,222,0.392,0.549,8.6,1.3,4.4,0.7,6.5,0.3,0.07,4.6
Troy Williams,Mem,SF,22,24,17.4,36.3,17.3,0.169,25,0.6,81,0.506,41,0.244,0.477,5.3,1.8,6,0.8,7.3,1,0.38,4.5
Ty Lawson,Sac,PG,29,51,24.6,51.2,18.9,0.176,131,0.809,281,0.484,93,0.29,0.532,9,2.6,6.2,4.5,28.4,1.1,0.1,7.7
Tyler Ennis,Hou,PG,22,31,6.3,13.2,19.4,0.269,3,0.667,48,0.396,16,0.375,0.444,1.9,0.6,5.4,1.1,24.5,0.19,0,6.8
Tyler Johnson,Mia,PG,24,49,30.7,64,20.6,0.074,176,0.761,397,0.458,172,0.349,0.524,13.8,4.3,7.6,3.2,16.4,1.2,0.71,7.5
Tyler Ulis,Pho,PG,21,36,9,18.8,19.9,0.17,16,0.813,102,0.402,18,0.333,0.445,3.1,0.7,4.3,1.3,21.4,0.56,0.03,6.3
Tyler Zeller,Bos,C,27,35,11.8,24.6,16.5,0.092,26,0.577,126,0.484,1,0,0.495,3.9,2.9,13.9,0.9,12.1,0.17,0.51,7.3
Tyreke Evans,Nor,SG,27,26,18.2,37.9,27.3,0.134,58,0.776,157,0.446,70,0.3,0.491,9.5,3.3,9.5,3.5,31.8,0.88,0.15,10.5
Tyson Chandler,Pho,C,34,47,27.6,57.5,11.3,0.187,124,0.734,228,0.671,0,0,0.703,8.4,11.4,22.9,0.6,3.3,0.7,0.51,5.6
Tyus Jones,Min,PG,20,35,11.4,23.7,14,0.167,26,0.808,50,0.44,43,0.372,0.541,3.2,0.9,4.7,2.2,27.5,0.63,0.06,6.5
Udonis Haslem,Mia,C,36,15,8.6,17.9,12.6,0.219,15,0.6,20,0.55,2,0,0.542,2.1,2.3,14.9,0.4,6.5,0.4,0.07,5.8
Victor Oladipo,Okc,SG,24,48,33.7,70.1,21,0.095,112,0.741,412,0.505,260,0.354,0.537,16.1,4.4,7.2,2.5,12,1.23,0.33,6.7
Vince Carter,Mem,SG,40,50,24,50.1,15.4,0.068,86,0.721,141,0.418,203,0.365,0.526,8,3.2,7.6,1.8,11.7,0.8,0.52,6
Wade Baldwin IV,Mem,PG,20,24,12.9,26.8,18.7,0.234,32,0.844,66,0.364,18,0.111,0.413,3.4,1.4,6.1,2,24,0.54,0.25,6.6
Wayne Ellington,Mia,SG,29,37,26.2,54.6,17.8,0.046,34,0.912,125,0.512,231,0.355,0.546,10.9,2,4.2,1.4,7.9,0.68,0.08,4.8
Wesley Johnson,Lac,SF,29,49,13.2,27.5,12.7,0.081,17,0.647,69,0.507,93,0.28,0.469,3.2,3.2,13.3,0.4,4.5,0.57,0.51,4.8
Wade Baldwin IV,Mem,PG,20,24,12.9,26.8,18.7,0.234,32,0.844,66,0.364,18,0.111,0.413,3.4,1.4,6.1,2,24,0.54,0.25,6.6
Wayne Ellington,Mia,SG,29,37,26.2,54.6,17.8,0.046,34,0.912,125,0.512,231,0.355,0.546,10.9,2,4.2,1.4,7.9,0.68,0.08,4.8
Wesley Johnson,Lac,SF,29,49,13.2,27.5,12.7,0.081,17,0.647,69,0.507,93,0.28,0.469,3.2,3.2,13.3,0.4,4.5,0.57,0.51,4.8
Wesley Matthews,Dal,SG,30,53,35.4,73.7,20.5,0.085,144,0.813,300,0.44,378,0.381,0.548,15.3,3.6,6,2.5,11.7,1.11,0.19,5.8
Will Barton,Den,SG,26,42,29.1,60.6,20.6,0.117,141,0.759,311,0.479,155,0.381,0.551,13.9,4.7,9.1,3.4,17.2,0.86,0.5,8.3
Willie Cauley-Stein,Sac,C,23,50,13,27,19.5,0.104,63,0.603,221,0.566,2,0,0.574,5.8,2.7,12.1,0.5,6.9,0.5,0.46,6.1
Willie Reed,Mia,C,26,48,14.6,30.5,15.1,0.084,60,0.567,189,0.566,3,0.333,0.575,5.2,4.8,17.9,0.4,3.7,0.21,0.73,5.9
Willy Hernangomez,Nyk,C,22,49,15.7,32.7,18.7,0.17,70,0.729,236,0.555,11,0.273,0.58,6.6,5.9,20.2,1,10.2,0.45,0.53,8.6
Wilson Chandler,Den,SF,29,50,30.9,64.3,22.3,0.105,138,0.732,454,0.509,216,0.338,0.535,15.6,6.7,12,2.1,10.4,0.84,0.44,7.8
Yogi Ferrell,Bro,PG,23,10,15.1,31.5,19.8,0.2,16,0.625,22,0.455,27,0.296,0.482,5.4,1.2,4.2,1.7,16.9,0.2,0.2,5.9
Yogi Ferrell,Dal,PG,23,10,33.1,68.9,19.7,0.131,23,0.957,61,0.443,48,0.458,0.596,14.2,3,5.3,4.7,23.5,1.6,0.2,7.1
Zach LaVine,Min,SG,21,47,37.2,77.5,21.7,0.099,140,0.836,400,0.515,310,0.387,0.576,18.9,3.4,5.3,3,12.9,0.87,0.21,6.2
Zach Randolph,Mem,PF,35,50,24.3,50.6,28.8,0.083,124,0.758,591,0.477,64,0.25,0.497,14.1,8.3,19.3,1.7,13.7,0.54,0.14,9.6
Zaza Pachulia,Gol,C,32,44,18.8,39.1,14.4,0.202,88,0.773,182,0.527,0,0,0.589,5.9,6,17.7,2,13.5,0.95,0.41,8.8
